you	91
ty	69
know	60
now	59
up	59
back	58
joy	58
more	56
time	56
out	53
day	49
love	49
queen	49
blue	48
eyes	48
life	48
end	47
yours	46
mind	44
seven	44
quiet	43
enough	42
joke	42
knees	42
new	42
one	42
again	41
me	40
voice	40
zero	40
us	39
young	39
night	38
red	38
right	38
year	38
care	37
come	37
five	37
heart	37
job	37
orange	37
peace	37
room	37
view	37
world	37
zone	37
away	36
down	36
hand	36
home	36
pain	36
quick	36
soul	36
yourself	36
change	35
dark	35
game	35
girl	35
ice	35
inside	35
kind	35
question	35
way	35
xavier	35
are	34
cat	34
lowest	34
mine	34
name	34
off	34
purple	34
understand	34
yes	34
alone	33
dream	33
face	33
good	33
june	33
place	33
rain	33
them	33
around	32
baby	32
light	32
rhyme	32
road	32
void	32
ya	32
air	31
all	31
car	31
july	31
man	31
nine	31
star	31
better	30
gone	30
it	30
known	30
old	30
over	30
people	30
sky	30
vibe	30
work	30
xander	30
xylophone	30
zombie	30
earth	29
fly	29
fun	29
idea	29
journey	29
kiss	29
need	29
see	29
thing	29
ugly	29
yellow	29
zoo	29
go	28
head	28
house	28
quit	28
song	28
crazy	27
else	27
fire	27
friend	27
not	27
person	27
six	27
vision	27
xanax	27
dog	26
issue	26
kids	26
memories	26
much	26
problem	26
yard	26
here	25
john	25
moon	25
nothing	25
self	25
true	25
upset	25
word	25
breath	24
easy	24
eight	24
feel	24
insane	24
king	24
knew	24
run	24
this	24
use	24
xan	24
best	23
green	23
imagine	23
key	23
play	23
under	23
zebra	23
zip	23
zoe	23
and	22
arms	22
coverage	22
other	22
phone	22
real	22
upon	22
body	21
long	21
on	21
smile	21
water	21
wind	21
wrong	21
xbox	21
yet	21
bbq	20
do	20
door	20
her	20
jesus	20
knife	20
myself	20
sun	20
together	20
unique	20
book	19
clear	19
free	19
god	19
gym	19
number	19
party	19
pc	19
quiz	19
veins	19
week	19
zeke	19
age	18
be	18
black	18
dance	18
done	18
everything	18
flower	18
island	18
jack	18
late	18
laugh	18
nice	18
own	18
queer	18
silver	18
start	18
there	18
tired	18
universe	18
want	18
zoom	18
cry	17
kid	17
leave	17
lies	17
mouth	17
my	17
open	17
outside	17
pretty	17
promise	17
three	17
tree	17
bad	16
big	16
blood	16
close	16
eer	16
energy	16
floor	16
hard	16
mean	16
money	16
sound	16
tight	16
two	16
update	16
verse	16
youth	16
zach	16
zinc	16
bed	15
box	15
cold	15
fast	15
guy	15
juice	15
knowledge	15
line	15
living	15
miss	15
no	15
nurse	15
ours	15
perfect	15
qi	15
relationships	15
too	15
truth	15
was	15
watt	15
well	15
xmas	15
ball	14
blessed	14
chance	14
cool	14
dad	14
different	14
enemy	14
flow	14
great	14
him	14
jungle	14
low	14
mess	14
ocean	14
photo	14
pride	14
quarter	14
rank	14
son	14
tie	14
ximena	14
zeus	14
angel	13
art	13
duck	13
four	13
ground	13
mirror	13
most	13
ourselves	13
past	13
plan	13
rock	13
sea	13
tv	13
upgrade	13
venus	13
villain	13
zen	13
background	12
bar	12
bloom	12
boy	12
danger	12
enjoy	12
eyelids	12
family	12
far	12
flame	12
forever	12
ger	12
happy	12
hydro	12
important	12
knot	12
lost	12
meet	12
moment	12
nature	12
noise	12
page	12
pen	12
physical	12
proud	12
rest	12
side	12
snitch	12
soon	12
tide	12
victim	12
violence	12
xena	12
alive	11
arrive	11
daily	11
eed	11
eleven	11
evil	11
fall	11
hurt	11
itch	11
junior	11
kill	11
left	11
level	11
mistake	11
of	11
outfit	11
power	11
rhythm	11
seen	11
unknown	11
valley	11
xabi	11
zoey	11
aaron	10
about	10
action	10
adventure	10
aesthetic	10
after	10
ahead	10
ake	10
apart	10
apple	10
aquarium	10
ask	10
attention	10
august	10
average	10
axe	10
azure	10
bag	10
bff	10
bhai	10
bird	10
bjorn	10
block	10
bmw	10
bnb	10
bronx	10
burn	10
cd	10
celebrate	10
city	10
cna	10
cpr	10
crossfire	10
csr	10
cup	10
cwtch	10
cycle	10
czar	10
database	10
dawn	10
death	10
dhit	10
die	10
dna	10
dvd	10
dwell	10
dying	10
eat	10
ebola	10
echo	10
edge	10
eet	10
effort	10
egg	10
ejaculation	10
ekitike	10
empty	10
endure	10
eon	10
epstein	10
equal	10
era	10
escape	10
essential	10
eternity	10
euphoria	10
ever	10
ex	10
exist	10
eyebrows	10
ezra	10
fbi	10
fear	10
fjord	10
flesh	10
forex	10
friends	10
fsr	10
fye	10
get	10
ghost	10
girlfriend	10
glass	10
gmail	10
gnome	10
gps	10
grow	10
grug	10
gta	10
gwen	10
headquarters	10
hemoglobin	10
hero	10
hertz	10
hmm	10
homework	10
hvac	10
hydration	10
ian	10
ibiza	10
ignore	10
ike	10
ill	10
ion	10
iron	10
ivy	10
iwan	10
iya	10
izzy	10
jfk	10
jhon	10
jim	10
joe	10
kate	10
keep	10
kfc	10
khan	10
klutz	10
kmart	10
kobe	10
kpop	10
kraken	10
kush	10
kwanzaa	10
kyle	10
la	10
live	10
liz	10
llama	10
lme	10
luck	10
lyrical	10
made	10
mbappe	10
mcdonalds	10
men	10
mexico	10
move	10
mtv	10
mvp	10
na	10
nba	10
nce	10
nda	10
nfl	10
ngiti	10
nhs	10
njigba	10
nle	10
notice	10
npc	10
nsync	10
nvidia	10
nyx	10
oak	10
obsession	10
odd	10
ogre	10
oil	10
okay	10
omega	10
org	10
oscar	10
oxygen	10
oyster	10
oz	10
pavement	10
pearl	10
pfizer	10
phantom	10
piece	10
pneumonoultramicroscopicsilicovolcanoconiosis	10
prayer	10
prescription	10
psycho	10
pterodactyl	10
pvp	10
pwn	10
pyramid	10
qatar	10
quart	10
quebec	10
quest	10
qwerty	10
rnd	10
rwanda	10
ryan	10
say	10
school	10
sga	10
shine	10
sleep	10
snow	10
someone	10
sorry	10
special	10
square	10
srt	10
sven	10
sweet	10
system	10
sza	10
talk	10
tch	10
ten	10
texas	10
tiger	10
tl	10
tmr	10
tnt	10
tsunami	10
turn	10
type	10
tzatziki	10
uber	10
uck	10
ufo	10
uit	10
uk	10
ukulele	10
ultra	10
umbrella	10
urge	10
uterus	10
uvula	10
uwu	10
uzi	10
value	10
verizon	10
vermont	10
vhs	10
vietnam	10
vlad	10
volkswagen	10
vroom	10
vulnerable	10
vvs	10
web	10
where	10
win	10
wolf	10
wuss	10
wwe	10
wyatt	10
xfinity	10
xray	10
yggdrasil	10
yme	10
yttrium	10
yummy	10
yvonne	10
zack	10
zhang	10
zlatan	10
zucchini	10
zy	10
zyn	10
aaliyah	9
above	9
act	9
addiction	9
afraid	9
aid	9
ajar	9
akin	9
amazing	9
an	9
answer	9
aquarius	9
artist	9
ash	9
aura	9
ava	9
awake	9
axolotl	9
aye	9
azul	9
bacon	9
bangladesh	9
battalion	9
bbl	9
bhutan	9
bigger	9
bjork	9
bpm	9
bright	9
bta	9
bug	9
bye	9
call	9
camper	9
cell	9
circle	9
cke	9
cme	9
cnn	9
computer	9
cthulhu	9
cute	9
cynical	9
czech	9
dead	9
deb	9
dem	9
dharma	9
dmv	9
dnd	9
drink	9
dte	9
dust	9
dwarf	9
dylan	9
ebony	9
eclipse	9
education	9
eel	9
effect	9
effects	9
ego	9
ehr	9
eighty	9
eject	9
emotion	9
epic	9
equation	9
erase	9
essence	9
ethan	9
europe	9
ewan	9
excel	9
experience	9
facebook	9
fc	9
fort	9
frequency	9
future	9
gay	9
gcse	9
gentle	9
gger	9
ghoul	9
give	9
glow	9
gmc	9
gnarly	9
gpt	9
gtr	9
gun	9
gwendolyn	9
gypsy	9
hair	9
high	9
how	9
hrd	9
hst	9
husband	9
hype	9
ibuprofen	9
iconic	9
idol	9
ier	9
ife	9
ignite	9
ihop	9
ikea	9
illusion	9
innocent	9
iowa	9
iphone	9
iqra	9
iris	9
ivory	9
ixe	9
iyo	9
jam	9
jeans	9
jimmy	9
jump	9
jynx	9
kansas	9
karma	9
khloe	9
kilometer	9
kindergarten	9
klay	9
knight	9
koala	9
kris	9
kurt	9
kwan	9
kylie	9
law	9
lloyd	9
lmao	9
lunch	9
lying	9
magnesium	9
maryland	9
mbeumo	9
mcflurry	9
medication	9
minute	9
mmm	9
mne	9
month	9
msn	9
music	9
mystery	9
nevada	9
nguyen	9
northwest	9
nut	9
nymph	9
oat	9
obvious	9
october	9
odyssey	9
ohio	9
oink	9
ojos	9
older	9
omen	9
ooze	9
option	9
order	9
ostrich	9
otter	9
outcome	9
oven	9
owl	9
ozempic	9
pda	9
pink	9
pneumonia	9
point	9
pound	9
pretzel	9
psych	9
ptsd	9
purpose	9
pwet	9
python	9
quarterback	9
race	9
reason	9
ring	9
rko	9
rose	9
route	9
rst	9
rule	9
rwd	9
rye	9
same	9
scared	9
sense	9
show	9
skin	9
slow	9
smoke	9
snake	9
somebody	9
space	9
squirrel	9
ssd	9
std	9
summer	9
svelte	9
swim	9
symphony	9
szechuan	9
take	9
tears	9
that	9
tlc	9
tmz	9
toilet	9
touchdown	9
tpp	9
tsundere	9
tuberculosis	9
tune	9
twelve	9
tyler	9
uae	9
ube	9
uce	9
udder	9
uet	9
uff	9
ultimate	9
upstairs	9
urine	9
utter	9
uwi	9
uzbekistan	9
vinyl	9
vlog	9
vpn	9
vulture	9
vying	9
wax	9
white	9
william	9
write	9
wyoming	9
xenia	9
xochitl	9
yeah	9
years	9
yield	9
your	9
ysl	9
yuh	9
yvette	9
zhou	9
zion	9
zirconium	9
zulu	9
able	8
active	8
adore	8
afar	8
ago	8
aim	8
ak	8
ako	8
america	8
animal	8
appearance	8
aqua	8
asian	8
ate	8
autumn	8
avoid	8
awesome	8
axel	8
ayla	8
azalea	8
backwards	8
banana	8
bathroom	8
bbc	8
bhabhi	8
blow	8
bmx	8
boyfriend	8
break	8
btc	8
business	8
center	8
centimeter	8
choice	8
circus	8
clean	8
cpu	8
crack	8
csee	8
cte	8
curse	8
cyan	8
daughter	8
dc	8
deep	8
dhurandhar	8
did	8
django	8
dle	8
dmart	8
drive	8
dumb	8
dweller	8
dynamite	8
ebb	8
economy	8
eerie	8
effortless	8
egypt	8
ehe	8
either	8
ekonomiya	8
elf	8
embrace	8
envy	8
eoin	8
ephemeral	8
equipment	8
eric	8
ethereal	8
eu	8
euphoric	8
ewe	8
expect	8
ezekiel	8
fatigue	8
feat	8
feet	8
fine	8
float	8
food	8
freedom	8
funny	8
fyp	8
garden	8
gem	8
ghana	8
gift	8
glory	8
gnocchi	8
gpa	8
guitar	8
gwyneth	8
gymnastics	8
hide	8
hme	8
hope	8
hug	8
hypnotized	8
iam	8
iba	8
ick	8
idiot	8
iel	8
iffy	8
igger	8
ikaw	8
illegal	8
image	8
interface	8
ionic	8
ipad	8
irrelevant	8
itself	8
ivan	8
iyak	8
ize	8
james	8
jealous	8
jiggle	8
josh	8
katie	8
kel	8
kevin	8
khaled	8
kilogram	8
klein	8
kong	8
kristen	8
kultura	8
kwento	8
land	8
learn	8
lucky	8
lvad	8
lynn	8
matter	8
mclaren	8
met	8
mma	8
mnemonic	8
mountain	8
msg	8
mud	8
nation	8
near	8
ngayon	8
note	8
numb	8
nylon	8
oath	8
object	8
occasion	8
ode	8
office	8
ogle	8
ohana	8
ointment	8
oklahoma	8
olive	8
omar	8
once	8
oops	8
opinion	8
original	8
osama	8
overwhelmed	8
owen	8
oxy	8
ozzy	8
phase	8
picture	8
poem	8
present	8
propane	8
psychotic	8
pure	8
pyro	8
qb	8
quotes	8
rap	8
resume	8
rhino	8
rise	8
rsvp	8
rush	8
ryder	8
safe	8
scene	8
sex	8
shirt	8
shoes	8
skill	8
slide	8
small	8
snack	8
soft	8
speak	8
squad	8
stop	8
sure	8
switch	8
sympathy	8
szoboszlai	8
table	8
television	8
tell	8
tennessee	8
tick	8
town	8
trademark	8
turtle	8
twenty	8
typical	8
uchiha	8
ude	8
ufc	8
ugh	8
uhaul	8
ukraine	8
ultimatum	8
umpire	8
upper	8
urgency	8
usual	8
utopia	8
vacation	8
vladimir	8
vow	8
vrabel	8
vulgar	8
weak	8
why	8
wish	8
wrist	8
wuthering	8
xenon	8
xian	8
yawn	8
yikes	8
york	8
yuri	8
yves	8
zara	8
zhao	8
ziggy	8
zygote	8
abuse	7
ache	7
admire	7
affection	7
agree	7
ahh	7
aiden	7
along	7
amy	7
another	7
apology	7
aquatic	7
army	7
assist	7
attack	7
austin	7
avery	7
awe	7
axis	7
aya	7
bharat	7
birthday	7
bone	7
brain	7
butt	7
by	7
byron	7
ceiling	7
ch	7
chest	7
cigarette	7
cloud	7
connecticut	7
control	7
cpa	7
crime	7
cut	7
cyrus	7
debt	7
desire	7
dhruv	7
diamond	7
director	7
djinn	7
drop	7
dude	7
dwindle	7
dynamic	7
ear	7
ebay	7
eccentric	7
eden	7
een	7
efficiency	7
egyptian	7
eighteen	7
eke	7
ella	7
emma	7
epiphany	7
equity	7
espresso	7
euro	7
everywhere	7
eww	7
excited	7
extraordinary	7
eze	7
felt	7
fight	7
for	7
from	7
full	7
gate	7
gender	7
ghetto	7
giggle	7
glad	7
gnaw	7
gold	7
grace	7
guard	7
gwapo	7
gyro	7
hardware	7
have	7
hit	7
hour	7
hre	7
human	7
hypocrite	7
iah	7
iberia	7
identity	7
iff	7
ight	7
illiterate	7
impress	7
irritated	7
isolation	7
italy	7
ive	7
izz	7
jay	7
jelly	7
jill	7
ka	7
kay	7
keeper	7
khalifa	7
klaus	7
korea	7
krill	7
kwon	7
kyla	7
last	7
lesson	7
lie	7
loud	7
lungs	7
lydia	7
mad	7
mba	7
mckenna	7
milk	7
millimeters	7
mna	7
montana	7
mre	7
must	7
myth	7
nail	7
neck	7
nightmare	7
oasis	7
obstacle	7
octopus	7
odor	7
often	7
ogden	7
oily	7
ojai	7
olivia	7
ominous	7
only	7
oon	7
opportunity	7
osaka	7
otherwise	7
ounce	7
overthink	7
owner	7
oya	7
ozone	7
peak	7
penny	7
pickle	7
please	7
pool	7
psychosis	7
pto	7
pull	7
pyre	7
rat	7
rhetorical	7
ride	7
rude	7
rupee	7
sad	7
scream	7
second	7
share	7
sing	7
skull	7
slowly	7
smart	7
spirit	7
squirt	7
story	7
survive	7
sword	7
syrup	7
tall	7
teen	7
things	7
today	7
try	7
tsa	7
tube	7
twice	7
tyson	7
ubiquitous	7
uch	7
udon	7
uganda	7
uhh	7
ukrainian	7
ulan	7
umami	7
uranus	7
useless	7
utah	7
uzz	7
van	7
venom	7
vlone	7
vomit	7
vry	7
vulva	7
wall	7
weather	7
while	7
window	7
wonder	7
wrinkle	7
xavi	7
xero	7
xin	7
xoxo	7
yarn	7
yin	7
yum	7
zane	7
zesty	7
zipper	7
zuri	7
abyss	6
ace	6
advice	6
afternoon	6
ahoy	6
aisle	6
aki	6
alex	6
amber	6
anymore	6
appreciate	6
aquamarine	6
asleep	6
attitude	6
authority	6
avenue	6
aware	6
ax	6
ayden	6
backpack	6
band	6
beautiful	6
bike	6
bleed	6
broken	6
bubble	6
bystander	6
can	6
certain	6
cheese	6
cinnamon	6
class	6
color	6
cpap	6
crown	6
csn	6
curious	6
cyst	6
date	6
deal	6
dhow	6
distance	6
drama	6
dull	6
dweeb	6
dye	6
ease	6
ebd	6
ecstatic	6
eddie	6
eek	6
effervescent	6
egregious	6
eighth	6
elevate	6
emily	6
english	6
episode	6
equilibrium	6
error	6
ethics	6
eulogy	6
everyday	6
eway	6
explore	6
ezzy	6
fence	6
fish	6
flight	6
fool	6
fried	6
function	6
gas	6
genius	6
gherkin	6
given	6
glee	6
gma	6
gnat	6
gut	6
gwyn	6
gyal	6
heaven	6
hill	6
horse	6
hrt	6
hunt	6
hypothetical	6
iana	6
ibis	6
icy	6
idle	6
ield	6
igloo	6
ika	6
illuminate	6
impossible	6
intent	6
iona	6
ipod	6
irish	6
israel	6
italian	6
iver	6
iza	6
jade	6
jewel	6
jingle	6
joint	6
justice	6
karen	6
kelly	6
khaki	6
kitchen	6
kleenex	6
knicks	6
korean	6
kratos	6
kumbaya	6
kyra	6
lady	6
lam	6
leg	6
lly	6
look	6
lucy	6
lynch	6
magic	6
mercedes	6
message	6
minnesota	6
mister	6
mount	6
mum	6
mystical	6
nasty	6
next	6
nick	6
nose	6
nugget	6
nya	6
oar	6
observe	6
occur	6
odysseus	6
offer	6
oggy	6
ollie	6
ome	6
onion	6
oodle	6
opposite	6
ordinary	6
overcome	6
oxytocin	6
ozark	6
pass	6
phony	6
pig	6
plane	6
pneumatic	6
pop	6
psychic	6
push	6
pyjamas	6
rage	6
ready	6
rhea	6
rich	6
round	6
ruin	6
said	6
scars	6
shadow	6
silence	6
skate	6
slumber	6
smell	6
snap	6
sorrow	6
spot	6
squeeze	6
strong	6
surprise	6
sweat	6
syndrome	6
taste	6
team	6
thought	6
timezone	6
tip	6
touch	6
trust	6
tsar	6
turkey	6
twin	6
tyrant	6
ubuntu	6
ucker	6
udge	6
uhm	6
uke	6
ump	6
unit	6
urgent	6
ute	6
vape	6
vessel	6
violet	6
vladdy	6
vote	6
vuitton	6
walk	6
weird	6
whole	6
will	6
wood	6
words	6
wreck	6
xeno	6
xia	6
yap	6
yearn	6
yuck	6
zap	6
zeal	6
zumba	6
abandoned	5
accept	5
adam	5
affair	5
agony	5
ahmed	5
always	5
ambition	5
ape	5
aquafina	5
armor	5
ashley	5
attractive	5
autism	5
avocado	5
awaits	5
axle	5
ayatollah	5
backseat	5
beat	5
bite	5
blackberry	5
boat	5
brother	5
bus	5
bygone	5
cake	5
century	5
child	5
cinema	5
clothes	5
corner	5
cross	5
cure	5
cyber	5
demon	5
digger	5
doubt	5
dress	5
dump	5
dwayne	5
dysfunction	5
east	5
eco	5
edible	5
eggo	5
einstein	5
ellie	5
epitome	5
equivalent	5
erin	5
esteem	5
etude	5
eugene	5
everyone	5
ewok	5
explain	5
faith	5
feather	5
first	5
forget	5
frog	5
fur	5
gandhi	5
gang	5
generation	5
ginger	5
glue	5
gnarled	5
goat	5
grams	5
grass	5
guap	5
guide	5
gymnasium	5
happen	5
help	5
history	5
hot	5
hungry	5
hypocrisy	5
icarus	5
ideal	5
iftar	5
iguana	5
iker	5
illustrate	5
improve	5
inspire	5
iodine	5
ipe	5
iran	5
isaac	5
izzle	5
jazz	5
jerk	5
jinx	5
judge	5
kai	5
kept	5
khalid	5
klarna	5
koi	5
kryptonite	5
kulay	5
kyoto	5
later	5
less	5
like	5
lluvia	5
lows	5
lust	5
may	5
mcqueen	5
microsoft	5
mile	5
minneapolis	5
muscle	5
mya	5
nap	5
never	5
nga	5
niche	5
ninth	5
nun	5
nyla	5
oakley	5
oblige	5
ock	5
odin	5
offender	5
oli	5
omelette	5
online	5
ool	5
opp	5
otis	5
ou	5
ouch	5
ovulation	5
owe	5
oxford	5
ozz	5
path	5
pie	5
plate	5
pneuma	5
pocket	5
psychology	5
punch	5
pylon	5
quality	5
ray	5
remember	5
rhombus	5
river	5
roll	5
rug	5
rylee	5
sand	5
screen	5
secret	5
short	5
sin	5
skinny	5
slay	5
smooth	5
snail	5
spin	5
squishy	5
stay	5
support	5
swing	5
sydney	5
tail	5
teeth	5
top	5
trigger	5
tsu	5
tuesday	5
twist	5
ubos	5
uconn	5
uggs	5
uki	5
umaga	5
urban	5
usa	5
vain	5
veil	5
vlogger	5
vodka	5
wait	5
west	5
wheel	5
with	5
worth	5
wrath	5
xenophobia	5
xim	5
yacht	5
ye	5
yurt	5
zay	5
zest	5
zine	5
zuko	5
abby	4
achieve	4
admit	4
afford	4
agenda	4
aint	4
aku	4
alright	4
am	4
amusement	4
anything	4
approach	4
aqui	4
asia	4
attached	4
automatic	4
avengers	4
awful	4
bacteria	4
bank	4
before	4
bf	4
bill	4
bionic	4
blind	4
born	4
bro	4
bunny	4
buy	4
calculated	4
calm	4
cease	4
chevy	4
choose	4
circumstance	4
clock	4
connection	4
crowd	4
culture	4
cyclone	4
daddy	4
dear	4
dirty	4
does	4
drown	4
duty	4
dwarves	4
dyslexic	4
early	4
ebt	4
echelon	4
edition	4
eep	4
egotistical	4
eighteenth	4
elephant	4
embarrassing	4
endless	4
england	4
epitaph	4
erupt	4
established	4
etiquette	4
european	4
even	4
excuse	4
eyelashes	4
father	4
fell	4
find	4
found	4
fruit	4
furious	4
gaze	4
george	4
ghee	4
giant	4
gloom	4
goal	4
grave	4
guess	4
gynecologist	4
hate	4
hell	4
his	4
hole	4
hurry	4
hymn	4
iago	4
ibig	4
icky	4
ifa	4
iko	4
ile	4
imperfect	4
instead	4
ious	4
ipswich	4
ire	4
isle	4
item	4
iverson	4
izzo	4
jackson	4
jet	4
jig	4
jordan	4
kayla	4
ken	4
khushi	4
killer	4
klepto	4
kodak	4
krystal	4
kudos	4
kyrie	4
lake	4
listen	4
lla	4
lonely	4
luna	4
lychee	4
make	4
mcgregor	4
messy	4
morning	4
muse	4
naughty	4
net	4
ninety	4
north	4
nutrition	4
nye	4
obey	4
occupation	4
official	4
oid	4
okie	4
oldest	4
omni	4
ook	4
operator	4
ore	4
otto	4
overlooked	4
ownership	4
oxen	4
oze	4
part	4
phoenix	4
pillow	4
planet	4
poison	4
pray	4
presence	4
pressure	4
psalm	4
puzzle	4
pyrex	4
radio	4
reality	4
rhapsody	4
rice	4
rough	4
ruby	4
rylan	4
save	4
scary	4
shore	4
sick	4
ski	4
slime	4
smelly	4
snore	4
spring	4
squid	4
street	4
suffer	4
swift	4
syllables	4
tale	4
tea	4
think	4
through	4
ticket	4
tomorrow	4
trouble	4
tub	4
twirl	4
typhoon	4
ugliest	4
uhaw	4
ulta	4
umbra	4
uncle	4
uppercut	4
urn	4
user	4
utility	4
vanilla	4
verity	4
visit	4
volcano	4
vulcan	4
weight	4
whisper	4
wife	4
worry	4
written	4
xanny	4
xiomara	4
yang	4
yay	4
yell	4
younger	4
yucky	4
zachary	4
zionist	4
zodiac	4
zuma	4
abundant	3
account	3
adult	3
africa	3
aggressive	3
aidan	3
alien	3
amelia	3
anger	3
april	3
arrow	3
aside	3
attic	3
autistic	3
available	3
awhile	3
ayesha	3
bear	3
bit	3
boring	3
breeze	3
british	3
build	3
card	3
cent	3
chevrolet	3
children	3
cinderella	3
clue	3
could	3
cream	3
curl	3
cypher	3
decision	3
dirt	3
doom	3
drug	3
dusk	3
dwight	3
dynasty	3
eagle	3
ears	3
ebenezer	3
ecuador	3
edward	3
eggplant	3
eileen	3
electric	3
empathy	3
epoxy	3
erect	3
est	3
eureka	3
eve	3
express	3
ey	3
eyeball	3
fade	3
few	3
field	3
flash	3
focus	3
front	3
funky	3
gain	3
gear	3
gin	3
glance	3
gnash	3
goose	3
grape	3
guilt	3
hat	3
heat	3
higher	3
honey	3
hundred	3
hysterical	3
iain	3
ibon	3
iceberg	3
ide	3
ify	3
iggy	3
illuminati	3
impact	3
ink	3
iota	3
irresistible	3
isabella	3
isaiah	3
itchy	3
ivana	3
izuku	3
jar	3
jess	3
jive	3
judgement	3
kane	3
keen	3
khalil	3
kick	3
kline	3
knock	3
kristy	3
kuromi	3
kyler	3
lazy	3
lemon	3
lips	3
llorar	3
lose	3
luca	3
lyla	3
many	3
mccarthy	3
mission	3
mug	3
naked	3
nervous	3
ninja	3
nutritious	3
nyc	3
obese	3
occupied	3
oddity	3
offense	3
oist	3
okc	3
olay	3
oot	3
optimistic	3
orbit	3
ounces	3
outrageous	3
oval	3
owie	3
oxymoron	3
park	3
phil	3
pizza	3
plant	3
poop	3
psychiatrist	3
puppy	3
pyaar	3
racks	3
regret	3
ripped	3
risk	3
roots	3
rumbling	3
ryu	3
sam	3
score	3
season	3
shoulder	3
sight	3
sleepy	3
sneeze	3
spark	3
squeak	3
storm	3
suck	3
swag	3
sync	3
talent	3
ter	3
test	3
toes	3
trip	3
tsuki	3
tucked	3
twinkle	3
tyranny	3
uglier	3
ulap	3
uma	3
understood	3
uranium	3
usher	3
utensil	3
validation	3
vent	3
volume	3
vue	3
wave	3
were	3
whip	3
wild	3
woman	3
wrote	3
yam	3
yesterday	3
yo	3
yup	3
zelda	3
zinnia	3
zoomies	3
zurich	3
ability	2
accident	2
advance	2
afloat	2
against	2
airport	2
align	2
american	2
angry	2
approve	2
atomic	2
authentic	2
avalanche	2
ayo	2
backyard	2
battle	2
beach	2
birth	2
bliss	2
bottle	2
britain	2
brown	2
butterfly	2
cash	2
cereal	2
chicken	2
citrus	2
club	2
comfort	2
create	2
cuddle	2
cyanide	2
deserve	2
dinner	2
dollar	2
dry	2
due	2
dwelt	2
dyslexia	2
earn	2
ebonics	2
ecosystem	2
edgar	2
eggnog	2
eiffel	2
election	2
empire	2
entertainment	2
epidemic	2
erica	2
ess	2
et	2
ethel	2
euchre	2
event	2
exhausted	2
eyeliner	2
fate	2
feast	2
fit	2
flaws	2
forest	2
freak	2
funeral	2
garage	2
geese	2
ghastly	2
giraffe	2
glove	2
gnu	2
goodbye	2
granted	2
gum	2
gyokeres	2
had	2
hips	2
hold	2
hue	2
hysteria	2
ibrahim	2
icicle	2
identify	2
illinois	2
immortal	2
intelligence	2
ireland	2
ito	2
jake	2
jeff	2
jigger	2
jolly	2
kangaroo	2
keith	2
khadija	2
kitty	2
klase	2
kosher	2
kroger	2
kumar	2
kya	2
laughter	2
letter	2
little	2
lot	2
luke	2
lyricist	2
mackenzie	2
mark	2
meat	2
mom	2
muffin	2
myers	2
nate	2
nerd	2
nipple	2
normal	2
nyquil	2
oblivion	2
oin	2
oke	2
oldie	2
omnipotent	2
oose	2
opponent	2
oreo	2
overdose	2
owala	2
oxide	2
package	2
paper	2
peach	2
pet	2
phenomenal	2
pick	2
pleasure	2
pot	2
pshaw	2
purse	2
pythagoras	2
rainbow	2
reach	2
rhett	2
rick	2
roof	2
rum	2
saw	2
scent	2
shame	2
sister	2
skirt	2
slip	2
smash	2
snooze	2
so	2
something	2
sport	2
squash	2
step	2
sugar	2
sway	2
synonym	2
taco	2
text	2
thirty	2
title	2
treat	2
tsushima	2
tummy	2
twerk	2
tylenol	2
ugle	2
ultraviolet	2
umbilical	2
unicorn	2
unity	2
ur	2
urethra	2
usain	2
utmost	2
vanish	2
very	2
victory	2
voyage	2
war	2
wet	2
whale	2
wings	2
wrap	2
wyvern	2
yall	2
yoga	2
yukon	2
zander	2
zephyr	2
zigzag	2
zoro	2
zug	2
absence	1
actor	1
advantage	1
african	1
agent	1
airplane	1
alcohol	1
amends	1
ant	1
app	1
area	1
astray	1
athlete	1
audrey	1
avatar	1
awkward	1
ayaan	1
bacardi	1
beatbox	1
bee	1
bin	1
boss	1
broke	1
bum	1
candy	1
cemetery	1
cheer	1
cider	1
closer	1
coffee	1
crew	1
cube	1
cyclops	1
depression	1
divine	1
dough	1
dragon	1
dummy	1
dwyer	1
dystopia	1
ebullient	1
economics	1
edgy	1
elegant	1
emo	1
epilepsy	1
errands	1
estate	1
etcetera	1
eunice	1
evening	1
explode	1
eyesight	1
fair	1
fed	1
finger	1
flag	1
form	1
fresh	1
further	1
galaxy	1
geek	1
ght	1
globe	1
gnosis	1
got	1
grown	1
guilty	1
gyno	1
hall	1
heal	1
hidden	1
hustle	1
hybrid	1
ial	1
ich	1
idaho	1
immaculate	1
intentions	1
interest	1
irene	1
ish	1
ite	1
ivey	1
jail	1
jester	1
jillian	1
juicy	1
karate	1
kettle	1
khadijah	1
kingdom	1
klondike	1
krista	1
kye	1
lean	1
list	1
lord	1
lurk	1
lyin	1
machine	1
mcgee	1
might	1
mute	1
mystique	1
nathan	1
natural	1
needle	1
nineteen	1
nuisance	1
nyah	1
obedience	1
oculus	1
oint	1
okra	1
olympus	1
omit	1
onyx	1
oppression	1
organ	1
overflow	1
oxtail	1
pepper	1
petal	1
photograph	1
pill	1
plenty	1
potato	1
punk	1
raw	1
read	1
rhys	1
riddle	1
rocket	1
rust	1
savior	1
science	1
set	1
shot	1
sit	1
skeleton	1
sleeve	1
smith	1
sneaky	1
spell	1
squish	1
stone	1
sunset	1
sweater	1
symbol	1
taken	1
teacher	1
then	1
toy	1
track	1
tuff	1
twitch	1
tyre	1
ugali	1
ult	1
umber	1
united	1
urchin	1
usurp	1
utak	1
vampire	1
vest	1
vine	1
voodoo	1
watch	1
wealth	1
whistle	1
wine	1
wounds	1
xanthe	1
yeti	1
yusuf	1
zany	1
zuzu	1
